{
  "packages": [
    {
      "name": "esp32",
      "maintainer": "Espressif Systems",
      "websiteURL": "https://github.com/espressif/arduino-esp32",
      "email": "hristo@espressif.com",
      "help": {
        "online": "http://esp32.com"
      },
      "platforms": [
        {
          "name": "esp32",
          "architecture": "esp32",
          "version": "0.0.1",
          "category": "ESP32",
          "url": "https://github.com/m5stack/m5stack-board-support/raw/master/M5Stack-Core-ESP32-0.0.1.zip",
          "archiveFileName": "M5Stack-Core-ESP32-0.0.1.zip",
          "checksum": "",
          "size": "",
          "help": {
            "online": ""
          },
          "boards": [
            {
              "name": "M5Stack-Core-ESP32"
            }
          ],
          "toolsDependencies": [
            {
              "packager": "esp32",
              "name": "xtensa-esp32-elf-gcc",
              "version": "1.22.0-61-gab8375a-5.2.0"
            },
            {
              "packager": "esp32",
              "name": "esptool",
              "version": "96698a3"
            }
          ]
        }
      ],
      "tools": [
        {
          "name": "xtensa-esp32-elf-gcc",
          "version": "1.22.0-61-gab8375a-5.2.0",
          "systems": [
            {
              "host": "i686-mingw32",
              "url": "https://dl.espressif.com/dl/xtensa-esp32-elf-win32-1.22.0-61-gab8375a-5.2.0-2.zip",
              "archiveFileName": "xtensa-esp32-elf-win32-1.22.0-61-gab8375a-5.2.0-2.zip",
              "checksum": "SHA-256:c00dbdab8e8acc273d4aa319a74f7bb1d9496c843159823201d685359174168f",
              "size": "76346909"
            },
            {
              "host": "x86_64-apple-darwin",
              "url": "https://dl.espressif.com/dl/xtensa-esp32-elf-osx-1.22.0-61-gab8375a-5.2.0.tar.gz",
              "archiveFileName": "xtensa-esp32-elf-osx-1.22.0-61-gab8375a-5.2.0.tar.gz",
              "checksum": "SHA-256:89a9a6084ec032ddcd4bdae37b428e533ed5fd0c0ab6b66ddf703e4b3f83d6e4",
              "size": "40481812"
            },
            {
              "host": "x86_64-pc-linux-gnu",
              "url": "https://dl.espressif.com/dl/xtensa-esp32-elf-linux64-1.22.0-61-gab8375a-5.2.0.tar.gz",
              "archiveFileName": "xtensa-esp32-elf-linux64-1.22.0-61-gab8375a-5.2.0.tar.gz",
              "checksum": "SHA-256:b74333fd7f622f035fee7c4e0ca57c3e2ccb2515de5d901f33e87e79cdf0d4f9",
              "size": "37674568"
            },
            {
              "host": "i686-pc-linux-gnu",
              "url": "https://dl.espressif.com/dl/xtensa-esp32-elf-linux32-1.22.0-61-gab8375a-5.2.0.tar.gz",
              "archiveFileName": "xtensa-esp32-elf-linux32-1.22.0-61-gab8375a-5.2.0.tar.gz",
              "checksum": "SHA-256:dbb342b7c377a7c3a1fcccc60fa1193332d0c37e6a90c5075d3471c13c9e94ad",
              "size": "41032647"
            }
          ]
        },
        {
          "name": "esptool",
          "version": "96698a3",
          "systems": [
            {
              "host": "i686-mingw32",
              "url": "https://dl.espressif.com/dl/esptool-96698a3-windows.zip",
              "archiveFileName": "esptool-96698a3-windows.zip",
              "checksum": "SHA-256:12f026c84869f0bd2f6a863191ec84d27b91f21d17e2e2e9e11c79be50f2d0fc",
              "size": "3390935"
            },
            {
              "host": "x86_64-apple-darwin",
              "url": "https://dl.espressif.com/dl/esptool-96698a3-macos.tar.gz",
              "archiveFileName": "esptool-96698a3-macos.tar.gz",
              "checksum": "SHA-256:e3154dbf32c3ba5e5ebd45e913178b167cf761e5ce0152b2bb069a2453f6839b",
              "size": "3805789"
            }
          ]
        }
      ]
    }
  ]
}
